{
  "Logistic Regression": {
    "accuracy": 0.9279,
    "f1": 0.9282989648525245,
    "auc": 0.9874377554037072,
    "cv_mean": 0.9270799999999999,
    "cv_std": 0.0010851727973000315,
    "rul_r2": 0.9998619472113316
  }
}