{
  "Logistic Regression": {
    "accuracy": 0.9534,
    "f1": 0.9531163300289267,
    "auc": 0.9965702540466991,
    "cv_mean": 0.9510199439596952,
    "cv_std": 0.0025884230212738796
  },
  "Random Forest": {
    "accuracy": 0.9654,
    "f1": 0.9654057476864091,
    "auc": 0.9982861973111361,
    "cv_mean": 0.9651800399729434,
    "cv_std": 0.0020745127165001306
  },
  "Gradient Boosting": {
    "accuracy": 0.9866,
    "f1": 0.9866230126532326,
    "auc": 0.9995417006350639,
    "cv_mean": 0.9830600135867198,
    "cv_std": 0.0005187939435282225
  },
  "SVM (RBF)": {
    "accuracy": 0.994,
    "f1": 0.9939890470682782,
    "auc": 0.9999356807757572,
    "cv_mean": 0.9934399871944959,
    "cv_std": 0.00046322325689799606
  },
  "XGBoost": {
    "accuracy": 0.9833,
    "f1": 0.9832722280991304,
    "auc": 0.9994163705662562,
    "cv_mean": 0.9818600087856636,
    "cv_std": 0.00034363351813191366
  }
}