{
  "Logistic Regression": {
    "accuracy": 0.951,
    "f1": 0.9521723437721467,
    "auc": 0.9942253079849898,
    "cv_mean": 0.9389303688955255,
    "cv_std": 0.0014592580130780705
  },
  "Random Forest": {
    "accuracy": 0.984,
    "f1": 0.9841966542804348,
    "auc": 0.9995915738986821,
    "cv_mean": 0.990973950555832,
    "cv_std": 0.0004289744910052354
  },
  "Gradient Boosting": {
    "accuracy": 0.9987,
    "f1": 0.9987009974270461,
    "auc": 0.9999901984957583,
    "cv_mean": 0.9976439356230296,
    "cv_std": 0.0003760853935069922
  },
  "XGBoost": {
    "accuracy": 0.9979,
    "f1": 0.9979004853611941,
    "auc": 0.9999784402486318,
    "cv_mean": 0.9970908688678722,
    "cv_std": 0.0006474425364376576
  },
  "SVM": {
    "accuracy": 0.9508,
    "f1": 0.9519636890513034,
    "auc": 0.9942508225645814,
    "cv_mean": 0.9389967369061447,
    "cv_std": 0.0014811454004774595
  }
}