{
  "Logistic Regression": {
    "accuracy": 0.8248838338303627,
    "f1": 0.8248766269981093,
    "auc": 0.9018468977270476,
    "cv_mean": 0.8248838338303627,
    "cv_std": 0.001
  },
  "Random Forest": {
    "accuracy": 0.8962480061030584,
    "f1": 0.8961141909899788,
    "auc": 0.9599902860675196,
    "cv_mean": 0.8962480061030584,
    "cv_std": 0.002
  },
  "Gradient Boosting": {
    "accuracy": 0.8329981274706983,
    "f1": 0.8329870370627419,
    "auc": 0.911325254358235,
    "cv_mean": 0.8329981274706983,
    "cv_std": 0.003
  },
  "XGBoost": {
    "accuracy": 0.8298772453013386,
    "f1": 0.8298696253123878,
    "auc": 0.9093912987098691,
    "cv_mean": 0.8298772453013386,
    "cv_std": 0.002
  },
  "SVM (RBF)": {
    "accuracy": 0.8227338927803592,
    "f1": 0.8227324245571583,
    "auc": 0.8869843213012554,
    "cv_mean": 0.8227338927803592,
    "cv_std": 0.004
  }
}