{
  "Logistic Regression": {
    "accuracy": 0.9458,
    "f1": 0.9457556047405106,
    "auc": 0.9882687619559394,
    "cv_mean": 0.9415400219536711,
    "cv_std": 0.0014707114505696334
  },
  "Random Forest": {
    "accuracy": 0.9998,
    "f1": 0.9997999608573962,
    "auc": 0.9999999499666233,
    "cv_mean": 0.999379999199488,
    "cv_std": 0.00019798860673162576
  },
  "Gradient Boosting": {
    "accuracy": 1.0,
    "f1": 1.0,
    "auc": 1.0,
    "cv_mean": 0.9999599995999601,
    "cv_std": 2.828455415664647e-05
  },
  "SVM (RBF)": {
    "accuracy": 0.982,
    "f1": 0.9819971269603922,
    "auc": 0.9991818316726628,
    "cv_mean": 0.9809799999847838,
    "cv_std": 0.0014696645508454583
  },
  "XGBoost": {
    "accuracy": 0.9961,
    "f1": 0.996101018595381,
    "auc": 0.99997777638978,
    "cv_mean": 0.9968599991974719,
    "cv_std": 0.0009801870562516051
  }
}